 #1,2----------------------------
 CREATE DATABASE VIDEOCLUB;
 USE VIDEOCLUB;
 #3---------------------------
 CREATE TABLE PELICULA (
 CODIGOPELICULA INT NOT NULL AUTO_INCREMENT PRIMARY KEY ,
 TITULO VARCHAR(50) NOT NULL,
 ANIO INT NOT NULL,
 DURACION INT
 );
 
 CREATE TABLE AMIGO(
 CODIGO_AMIGO INT NOT NULL  AUTO_INCREMENT PRIMARY KEY,
 NOMBRE VARCHAR(20) NOT NULL,
 APELLIDO VARCHAR(20) NOT NULL,
 TELEFONO INT NOT NULL,
 DIRECCION VARCHAR(20) NOT NULL
 );
 
 #4------------------------------
 INSERT INTO PELICULA
 VALUES(1,"EL EXORCISTA", 1973, 3),
 (2,"HALLOWEEN", 1978, 2),
 (3,"TERRIFIER 2", 2022, 2),
 (4,"SCREAM", 1996, 3),
 (5, "FRIDAY THE 13TH", 1980, 3),
 (6,"PSYCHO", 1960, 3),
 (7,"TITANIC", 1997, 4),
 (8,"AVENGER: END GAME", 2019, 3),
 (9,"DEADPOOL", 2016, 2),
 (10,"RED", 2022, 2);
 
INSERT INTO AMIGO
VALUES(1,"PEPE","ARGENTO",1122334455,"CALLE FALSA 123"),
(2,"PAOLA","ARGENTO",1223344556,"CALLE FALSA 123"),
(3,"COQUI","ARGENTO",1212121212,"CALLE FALSA 123"),
(4,"MONI","ARGENTO", 4455887799,"CALLE FALSA 123"),
(5,"MARIANELA","FUZENECO",1122554477,"CALLE FALSA 556"),
(6,"DARDO","FUZENECO", 4455889966,"CALLE FALSA 556"),
(7,"HOMERO","SIMPSONS",1133355448, "SIEMPRE VIVA 123"),
(8,"MARGE","SIMPSONS",5566887799,"SIEMPRE VIVA 123"),
(9,"BART", "SIMPSONS",1155448789, "SIEMPRE VIVA 123"),
(10,"LISA", "SIMPSONS",1166496842, "SIEMPRE VIVA 123");

#5-------------------------
UPDATE PELICULA 
SET TITULO="DURO DE MATAR" WHERE CODIGOPELICULA=3;
#6--------------------------
DELETE FROM PELICULA WHERE CODIGOPELICULA=6;
DELETE FROM PELICULA WHERE CODIGOPELICULA=7;
DELETE FROM PELICULA WHERE CODIGOPELICULA=8;

#7--------------------------
CREATE TABLE PRESTAMO (
NUMERO_ALQUILER INT NOT NULL AUTO_INCREMENT PRIMARY KEY,
FECHA_FIN DATE,
FECHA_INICIO DATE NOT NULL,
CODIGOPELICULA INT NOT NULL,
CODIGO_AMIGO INT NOT NULL);

#8------------------------
INSERT INTO PRESTAMO
VALUES(200,'2022-08-07', '2023-08-15',1,1),
(201,'2022-06-09', '2023-06-19',2,2 ),
(202,'2022-06-05', '2022-06-19',1,1 ),
(203,'2021-06-01', '2021-06-09',2,2 ),
(204,'2020-10-09', '2020-10-19',5,5 ),
(206,"2023-10-17","2022-12-12",4,9),
(207,"2023-12-09","2022-11-12",1,2),
(208,"2023-05-05","2022-11-15",4,4),
(209,"2023-08-25","2022-16-10",9,10),
(210,"2023-08-15","2022-17-12",8,5);
#9--------------------------
RENAME TABLE PELICULA TO PELICULAS;
RENAME TABLE AMIGO TO AMIGOS;
RENAME TABLE PRESTAMO TO PRESTAMOS;
#10-----------------------
SELECT * FROM PRESTAMOS;
SELECT DISTINCT NOMBRE FROM AMIGOS;
SELECT TITULO, DURACION FROM PELICULAS;
#11----------------------
SELECT * FROM PRESTAMOS WHERE NUMERO_ALQUILER BETWEEN 203 AND 206;
SELECT * FROM AMIGOS WHERE CODIGO_AMIGO NOT BETWEEN 2 AND 5;

#12---------------------
SELECT * FROM PELICULAS WHERE TITULO LIKE '%TO%';
#13---------------------
INSERT INTO AMIGOS
VALUES (11,'Marina', 'Fernandez', 45128956, 'Parana 555'),
(12,'Lujan' , 'Tucci' , 1137589612, 'Lavalle 1100'),
(13,'Gabriel', 'Dominguez' , 41109956 , 'Carlos Calvo 100'),
(14,'Raul' , 'Vazquez' , 45120014 , 'Peru 1120'),
(15,'Martina' , 'Perez' , 113202044 ,'Uruguay 220');
#14-----------------------
UPDATE AMIGOS
SET NOMBRE='LORENA' WHERE NOMBRE='LUJAN';

UPDATE AMIGOS
SET APELLIDO='MILONE' WHERE APELLIDO='TUCCI' ;

#15-----------------------
CREATE TABLE AUXILIAR 
SELECT * FROM AMIGOS;
#16 Y 17-------------------
DROP TABLE AUXILIAR;
#18------------------------
SELECT COUNT(NOMBRE)  FROM AMIGOS;
#19------------------------
SELECT MAX(ANIO), MIN(ANIO) FROM PELICULAS;





 
 
 
 
 